variance,skewness,curtosis,entropy,class
-3.9328013,-6.877937463,5.92141804,-0.2587724,1
-1.7280105,-2.3140221539,6.21078121,0.2857372,1
1.6329824,3.5885698372,2.35811573,-0.8178369,0
1.2011652,4.0366933581,4.31426799,-0.8988302,0
2.4958695,-5.4355887278,7.72754443,2.4495,0
-3.6459301,3.2221203293,0.60800247,-1.6547121,1
1.2532499,5.5260108349,3.97445958,-1.2196068,0
-0.3670549,12.3884704999,-4.4236576,-4.1228645,0
0.1256174,-7.6867397749,12.80455653,2.4495,0
1.2743848,-1.3014422966,5.93370701,0.4269789,0
3.9610716,4.397076914,1.66313364,1.3825326,0
-1.9275551,4.3354290532,-1.15290423,-3.3626901,1
-0.5804856,4.6719331608,0.33529335,-1.2883466,1
-0.7579117,4.6864300561,2.11970131,-0.6989166,0
-1.3089294,3.0525218723,1.8020515,-0.4932724,0
-0.4177106,-3.5680233843,7.78195261,0.1491614,0
0.8499459,3.4136146533,-1.29873115,-1.4435366,1
0.4967267,4.4554190769,0.150057,-2.8281207,0
-1.1831673,-12.9465433271,10.79007858,0.3184757,1
-1.8379901,9.4907780033,-2.83373281,-3.018869,1
-1.5792619,0.8110074529,-1.09718233,-1.2453542,1
-2.6792849,7.8590445243,-1.33593774,-2.2069772,1
5.8268052,-0.5775961217,2.25580113,1.968854,0
3.7581774,5.0674818619,2.8075291,-0.4344245,0
3.3251869,11.8010698804,-3.4164924,-2.1080213,0
0.7610131,-2.4554642427,-1.4066158,-1.7969628,1
-2.9736113,-0.6241172395,1.67312887,-2.9985856,1
0.5898995,2.5859079605,4.11755223,-0.2150699,0
2.0616743,4.8345488876,1.20562848,-1.5184778,0
0.8500972,-7.2601217852,0.91424792,0.2932155,1
-5.7932025,1.8603140631,6.54125966,-3.440776,1
0.6424435,-0.7391845657,-1.56145901,-0.7481928,1
-1.1291719,-2.7248442251,-0.45207573,0.0823584,1
-2.9384359,1.9434549405,-0.1629026,-2.408088,1
2.3399083,12.2821201976,-4.10949413,-2.167275,0
0.3984893,4.4120208693,3.82412426,-0.1761109,0
3.326729,6.489975617,-0.0898699,-0.522292,0
6.619037,11.099369568,-2.58607143,-2.4406309,0
2.7649435,4.5406808485,-3.42514794,-1.6768411,0
0.2199688,4.6030817422,-2.34137854,-1.4494625,1
-5.365825,-13.0522300221,13.94093313,0.975441,1
1.7353424,3.0344326907,3.20346781,-1.0183212,0
0.7643215,4.2338199222,5.26565297,0.1976501,0
-3.8196189,-3.246668234,6.68246237,-1.6974278,1
0.1945575,-4.6621677682,2.96223745,2.1028904,1
2.5924136,-7.6544498955,12.77569466,-0.6038515,0
2.9405673,3.6279813587,0.42536008,-0.9228856,0
-1.0409652,-7.5072083787,2.41453616,-0.1299902,1
-0.9116782,-1.082662001,3.23571622,1.3783188,1
1.528725,1.6401222486,0.10516017,-0.1734882,0
-1.6418803,-0.6912173948,5.06133037,-1.499203,1
0.4912413,10.681270648,-0.0193077,-1.3824883,0
-2.5454135,2.4559016813,5.33534326,-0.5546081,0
5.7363258,12.843600176,-4.58559465,-4.5052848,0
1.0533612,-0.876004937,2.73333587,0.4592878,1
-2.1859932,7.7517707436,-0.38801891,-2.607321,1
1.7436134,5.0271455074,-1.29891271,-2.5162174,0
-0.7188773,2.4858057962,0.1029092,-0.0613562,1
-2.996167,3.12873907,-0.93335928,-2.9707448,1
-0.8122797,-0.8789675168,1.27438266,1.3523081,1
-0.0023554,5.8693108838,-1.82638385,-0.3980348,1
-0.1525769,4.0308630417,1.13520996,-1.0509031,0
-2.2265367,5.9122521516,-2.91801261,-5.0252363,1
-1.2246745,-7.7112330018,4.39182446,-0.9788313,0
0.1925485,9.1116684141,1.2972844,-1.2343436,0
-1.5936592,-5.0871015717,2.77182036,-0.9809267,1
-1.8400176,-12.0597209977,17.9274,0.6033676,1
2.4531183,0.6489307186,3.19947891,1.9366513,0
-2.3715037,2.2233629737,-0.39418202,-1.4520763,1
1.7756888,11.2547966671,-4.34187562,-2.5162421,0
-1.6185521,-8.3506348128,11.23408761,-2.5252104,0
2.2015782,5.3108599592,0.11706398,0.0585664,0
4.1111789,9.7420065428,-2.79395269,-3.1391214,0
4.3580488,8.1906531863,0.88766688,-0.7110252,0
2.2823113,-7.173190434,2.16298503,-0.0333611,0
-1.1384515,1.5844057674,6.33177897,-2.1018364,0
3.5906415,2.1107773589,-1.10384232,1.4384419,1
2.6351246,3.0767351127,-2.77406819,0.3841335,0
-3.736764,-9.3096114524,8.54587305,0.2522861,1
-2.5045664,6.6587001974,1.71212712,-2.0455752,0
0.8963062,4.4789535399,-1.76306495,-2.4950624,0
0.8505381,-2.6592629247,-1.30680569,-4.2699306,1
6.1513654,4.0377837591,0.072757,0.058523,0
-0.6905881,4.0476860496,1.14387989,-0.7669802,0
-2.9335498,2.2508439808,5.03777468,-1.6571203,1
2.4689553,-5.1795807922,4.62978399,0.4055366,0
4.3690724,-3.2595762658,1.29780668,-1.4847774,0
0.3892468,5.0775206862,-1.07988329,-0.8057178,0
4.8197149,9.8098932858,-1.16565812,-1.9575016,0
0.9184637,5.6617118423,1.37302177,-2.1958579,0
5.9754802,-1.7054758368,0.88342969,1.8399303,0
-4.0187011,-1.7966052329,11.00736467,-4.1580707,0
1.8958841,-0.2378232779,-1.60827304,1.8177692,1
1.4204225,6.5934242258,2.49313482,-0.1236397,0
-5.484435,6.5862368442,5.89050663,-3.9996322,0
3.3817877,0.079192586,-0.8314302,2.0547306,0
2.3812309,-2.4341641407,3.98126575,1.0903274,0
3.1009874,0.5797560442,6.95650353,1.2831555,0
2.7761938,0.2762366147,-0.62173483,-0.2367853,0
-0.8449749,5.7050495988,2.79437334,0.6934221,0
-1.2033472,0.8897494296,0.12272258,-1.5138576,1
-4.6044368,3.5548006237,1.98877792,-2.4845987,1
3.4862177,3.5372210764,6.59472606,-1.9675219,0
-0.9227329,10.1617180301,-1.30167592,-1.4785207,1
0.9887191,-11.079654535,6.83531586,0.5540947,0
4.9653801,11.3305117073,-3.82467138,-2.1142039,0
0.2875393,6.8872671331,-2.42489736,-6.1419958,0
-0.3230539,2.6903630178,0.47689813,-0.8716557,1
0.1064634,0.9502027169,0.85393585,2.4495,1
-0.9946308,-7.044859416,5.03686409,1.9339264,1
2.4685528,8.1557645149,-2.1477576,-4.8425773,0
-0.5460503,7.9445290951,4.78309618,-3.0596956,0
3.7618208,5.9748996616,-3.22547837,-1.5959974,0
0.8037068,6.9671853446,1.17811416,-2.0274385,0
-4.5581395,-0.9847882141,6.2686189,-0.1901627,1
-1.1336598,-5.1126988189,-1.45602638,-1.2938063,1
4.22408,6.0699111224,-3.23348636,-3.3502969,0
2.1563317,-6.3453812495,0.66571595,2.4495,1
0.8326849,-4.9231386689,4.87720074,-0.2833367,0
0.5164806,-9.8929829803,5.82240684,2.4495,1
-0.3205516,-5.061583935,5.78876189,-0.6774721,1
-0.7835969,-5.5878928694,3.22605785,-1.5534691,0
5.340979,12.9323376604,-5.04075814,-6.6010234,0
2.4890446,11.6729826841,-2.62152675,-2.9716406,0
-0.515275,7.9116000249,-3.0365163,-3.0563877,1
0.9008027,3.0962471205,-0.57406163,-1.3871822,0
2.9482473,12.326185806,-3.98822279,-2.864205,0
0.4511144,-3.6203569111,4.84636342,-0.1662863,0
2.6579113,4.329342477,0.98788931,-0.0857327,0
1.8812964,10.4398420615,-3.03919176,-2.2729583,0
-5.3045935,-1.2694342357,5.38401155,-0.3674227,1
1.3424954,4.0621245859,-1.36543597,-1.2242748,1
2.088292,5.8293397728,-0.80887313,-2.6302026,0
-1.1793144,-6.1177533389,12.14012686,1.0401532,0
-1.2682626,2.9785784034,1.57814015,-1.916641,0
4.9254997,-0.6541221284,0.36385034,2.3242292,0
1.2393338,-5.060512561,10.87298221,1.5301007,0
2.3056008,-7.3469792745,3.40420148,2.289144,1
5.5117054,12.6328946055,-3.50114761,-1.6029948,0
5.3198793,-3.5532235518,4.49248398,2.1719296,0
3.1239624,1.8375825297,-2.71916963,0.4519323,1
2.5572838,5.7645181537,4.82010551,-1.1177387,0
-0.4247575,2.4450586611,-0.79535426,-2.249612,1
4.2860295,7.5637833196,-2.22505541,0.8280418,0
0.1454301,-1.9759554746,2.39332695,-0.9015417,1
-2.6020355,0.1202765923,1.09041127,-0.206811,1
3.6614895,-0.5643657535,-2.25606087,0.9519079,1
-2.4365266,-1.5218062044,2.23297423,-2.3589203,0
0.4825569,6.4767390741,0.1543272,-3.0789963,0
-1.5741695,-0.4022846217,9.36706858,-0.8453278,0
0.2276739,-8.410585042,4.83604098,0.5818609,0
4.0360515,-1.4310061261,-2.11834354,-1.5678223,0
-0.6693379,7.8436152874,-4.20022017,-6.5966324,1
5.0521717,6.2773319489,-1.2131465,-0.4715344,0
-0.2136813,4.6362342968,-0.42476926,-2.0148203,0
-1.3315167,7.9460174453,-0.25965492,-3.554682,0
-1.8632408,10.4998416883,-3.30983578,-3.2012746,1
1.2496699,9.9473906216,0.06220023,-2.1214136,0
-1.7563,0.2246593015,1.50083468,-0.3348234,1
-2.197413,-1.6649789647,1.8771206,-1.8526204,1
2.4279205,-1.9892345534,3.59476007,-0.8293122,0
0.6937559,7.446384571,-1.09044124,-3.5911357,0
1.3961669,5.6333097604,-1.93736071,-1.9250511,0
0.3939958,-13.3397098646,17.9274,2.4495,0
0.3782578,5.8068540818,5.23719121,-0.9301808,0
0.0134588,1.4991888713,0.05332171,-2.1209901,1
3.5420797,5.283346978,3.4281529,-1.6030075,0
0.4418715,0.6279030326,2.43441162,-1.7032557,0
-4.4785868,-3.7773059226,4.6561053,-1.2409424,1
1.3524514,-1.3100893187,7.78970498,2.4495,0
-6.497963,0.4211324343,2.44935509,-2.4174868,1
-3.6172968,7.3923726131,-2.45307295,-3.1033095,1
1.229764,2.0764013344,0.01230519,-1.1616625,0
-1.3226445,-0.9733462146,4.85664766,-1.4254602,1
4.3625653,8.8848106046,-3.48311778,-3.7149996,0
4.4962807,6.0732260499,-1.66623231,-1.3484705,0
0.3904033,0.8195678094,-0.34948782,-1.4943304,1
1.8927642,5.118869537,-0.61719218,-2.0219523,0
-0.1589983,5.5318085894,-3.67772824,0.024134,1
3.8129781,-4.9125520786,7.48673885,2.4495,0
4.3833682,-2.0853864832,5.39500793,1.2869658,0
-0.457233,3.3955114919,2.35496823,-2.0861386,0
4.5134118,-2.9770420253,3.79262989,1.8942634,0
-0.0072455,7.1118311067,0.23118384,-2.6681039,0
0.3074671,-0.5767855597,8.62104811,0.8139822,0
-0.6408284,-0.0433538393,-2.11411014,-0.3587998,1
0.8721643,8.5410896304,-1.9807635,-3.4685794,0
0.1147313,-9.6256450139,9.9648084,-0.4220479,0
-2.3581777,10.5576972196,-2.85114019,-5.1746891,0
-1.0480399,-3.5342782545,12.98416492,0.411492,0
0.5881939,-0.5711784793,2.35535808,-0.7027061,0
-0.1596488,5.3599451603,-1.02889287,1.1619579,1
-0.5923414,4.6971260428,-1.09478409,-3.3691585,1
-4.3557802,-2.6393002731,3.46372754,-0.9004501,1
0.4873556,3.942026492,1.26885078,-1.3082713,0
4.454815,8.4328234975,-5.14964204,-1.9638979,0
2.1551808,9.9531235639,-5.2861,-5.7095229,1
-0.6728565,1.898575343,1.48840038,-0.6904574,0
-5.0090049,6.616365114,0.98770909,-3.6783404,1
-4.7352405,0.7835215775,-1.77872154,-2.5440366,1
1.8726973,3.5818451277,-1.38632441,1.3898343,0
2.6861182,6.0663334643,-1.39432593,-1.4292811,0
0.9806305,4.3498828366,-0.3894912,-1.7231328,0
-2.8418388,-6.1411922662,8.31265634,2.0242151,1
4.919277,10.1130743047,-4.30100383,-1.0013891,0
-6.0126175,-6.5379450137,4.06278429,-1.1080469,1
-0.2195233,4.2410238061,1.77072074,-5.1932146,0
0.1912879,4.7053831003,-2.85791341,-3.2911621,1
0.3713474,-6.6818924299,1.46996436,0.0272857,1
0.1171194,-11.1475351893,10.58035521,2.0149816,1
-3.5243361,8.9994636603,-0.23710584,-3.5037198,1
1.4317869,6.5845085133,-2.6851894,-5.0958347,0
-2.6162778,-8.7553458578,17.9274,2.4495,1
3.4915272,-6.4099973017,1.53791126,2.4495,1
-0.5115194,3.4653378451,1.92073968,-0.4115385,0
-1.7095013,2.4878310314,0.09062501,-2.4060264,1
4.3897555,3.4588816436,-2.52248007,1.3607782,1
4.3052993,0.1111981896,-1.31590661,-0.1996468,0
-0.6738645,10.8225098941,0.02760661,-3.4104703,0
1.4867112,-2.1217970915,2.30750971,0.1944694,0
-1.2538161,-1.9996896436,4.02361907,0.0053735,1
3.8857734,-4.7030218238,2.00246031,2.4495,0
0.40006,5.9801158512,7.37161903,0.7715245,0
0.1000276,-2.5746307621,9.0318715,2.4495,1
-0.6255157,-0.6001328063,0.65648464,-0.5967879,0
0.893709,2.4143771138,1.74745463,-0.1207618,0
-0.7156323,6.1169739817,-0.97285238,-5.968627,0
0.7798654,4.3003140251,0.73142386,-2.3531179,0
-0.2030775,6.2834438237,1.90615848,-2.493795,0
0.3127045,-0.750877236,0.80900211,-0.2139943,0
-6.8403286,5.0919837665,1.84984375,-2.6229962,1
2.1191185,7.6826864234,1.14675496,-0.9746771,0
-4.8204824,-2.4995843864,-0.10820476,-0.9953981,1
4.8810114,-3.0874433579,-1.48031017,0.0281965,0
0.2842983,-4.2022623292,6.02636239,0.3665511,0
-1.4942097,-5.1243460394,11.43152983,1.0177436,1
-2.7142108,1.6149548724,3.25133973,-0.6851409,1
-0.8734478,8.3717747764,-2.75100831,-0.922523,1
-0.3493727,4.7467620255,3.86721613,1.0461918,0
0.4682424,-4.0695157472,-0.57619966,-0.5167418,1
5.7478235,3.0011569522,-2.66733775,-1.3497109,0
-0.6232147,10.6712533597,-3.85782933,-6.1078707,1
0.0004928,1.6625169607,6.31961654,-2.9067886,0
3.9723835,1.7367220612,-2.03364667,-0.4822103,0
2.1791138,8.1183144357,-0.66046066,-0.699694,0
0.8398749,1.4327092752,-0.77570316,-1.6356987,1
-3.2427845,8.9695099276,-0.28899574,-2.0248554,0
-2.761701,0.3701398305,5.08124556,-2.6812668,1
-0.6781688,0.5968155734,1.70370021,-1.5958849,0
-4.0869622,-0.2106148049,4.22720636,-0.2670083,1
2.2870051,5.5690212137,-0.18241244,0.237947,0
1.7227699,-2.0258315975,1.84218459,0.0993238,1
-2.7909742,1.9168184369,4.87150952,0.2800275,1
-2.1068826,3.0585508105,1.2919564,-0.2632564,1
-3.6717073,-1.7917113899,2.36103708,-1.5314259,1
1.7342501,3.3140851661,0.22882227,-0.5977419,0
0.0599792,-4.169438512,-1.9751381,-1.0207823,1
4.4185208,8.6217032332,-4.09250245,-1.7794475,0
-0.7648418,0.6458458801,-1.13811953,-1.8932749,1
2.5917982,-2.3249339542,2.29145073,1.6323183,1
0.8407214,-3.0827789751,4.33269584,1.0741142,0
-0.7876729,1.168199823,0.29543417,-0.7643391,1
0.0443746,-1.6072657315,-0.00679016,-2.0542574,1
1.9838286,3.3611709763,1.65857381,-2.0271929,0
-4.568787,-9.9351243699,12.31912318,0.7818819,1
0.8558647,0.3528163884,-3.06316829,-3.0871176,1
4.9816066,10.3871032694,-2.04710865,-1.5663563,0
-5.4181894,10.1950221449,0.2218026,-7.0269472,1
-1.1523551,9.5757890123,-1.174618,-2.0756444,1
-2.8959162,12.2811829152,-4.91012747,-5.2500588,1
3.2509729,0.5689956471,2.40508041,0.2030271,0
3.9263193,3.0803605187,-3.08083461,2.4495,1
2.1197315,-7.6619903108,10.46803172,2.4495,0
-2.6539644,-1.1618527605,0.05268655,1.1143779,1
4.6727739,11.1528177863,-4.55161504,-1.5909423,0
-0.0527186,-3.838824638,8.28519229,-0.268599,0
3.6162536,-3.0383077071,6.00659557,2.4495,0
-1.5990782,0.6377767912,2.70744723,-2.1534537,1
4.5602541,9.5411178215,-3.85357029,-2.4959054,0
-0.4859782,3.1099125517,2.86062469,-0.0993883,0
0.9700245,0.4579407071,-2.12233955,-1.3995088,1
3.089043,-1.0493205629,-0.64345662,-0.8386816,0
1.3258984,10.2074657977,-3.61202151,-0.9194473,1
1.0065872,9.5809773948,2.34826651,-1.7433745,0
-1.9982966,-0.157529156,2.77218599,-0.9946291,1
0.4844733,3.0835726127,-2.75937011,2.4495,1
0.6529535,-4.7172718448,2.77957622,1.6822686,1
3.8980484,10.1803369187,-3.0371152,-0.2154784,0
-2.3836659,-2.3278672797,2.80624712,0.2065846,1
-2.8123504,-4.972911801,17.9274,1.5799356,0
2.0381453,-6.4254286586,3.34501928,-0.3613776,0
0.8972764,2.4052036146,-1.99239993,-2.5729124,1
-1.5946911,-4.4720825918,6.79396973,-0.0887942,1
-0.6647743,4.5821451767,0.39934298,-3.0398604,0
-3.1563553,0.3817245511,0.53825505,-1.4467403,1
-3.1516393,-1.041390058,0.75868989,-1.7903741,1
5.3761845,6.003821078,-2.96175283,0.9964696,0
1.6687515,6.4603437343,0.18426875,-0.2494454,0
-0.5970793,-7.1999752108,5.86762821,2.1308591,1
-2.1984691,-2.5448692856,-1.96938611,-2.6096748,1
1.9911667,-6.2197261987,5.03552672,2.2739073,0
0.0314373,5.2237050062,2.42023706,-0.2908749,0
3.3483406,9.095591138,-4.59446265,-1.0816376,0
3.9754797,10.9140525632,-2.29426924,0.054096,0
0.4545963,7.757737705,-1.25650738,-6.4299241,0
0.7396365,5.2831992013,-1.82444026,-2.4433821,1
0.4992541,4.8852890264,3.33948698,-0.3350882,0
-1.2386825,7.5905124599,-3.16955617,-3.0651131,1
-0.3302,1.7826744208,-2.49871841,-4.4371459,1
-1.6843753,-9.9071690504,13.87217228,2.111259,1
-1.3064676,5.1421012879,-3.73557114,-0.8775487,1
2.6762739,-9.9679143904,7.93862859,2.4495,1
-0.7179837,11.7016547224,-3.62076428,-4.9041571,0
-1.320512,2.3875172694,4.17888453,-0.3660838,1
3.0980354,0.8618530006,1.84500905,1.1646114,0
-3.5279323,2.0089438948,2.66355233,-1.143128,1
-2.6996108,-12.9625081063,5.3656498,2.4495,1
-1.9437513,-7.2362348385,1.36788315,-0.9049712,1
-3.3867134,-5.4341557967,4.3810522,0.0492482,1
-3.7238101,3.2653306538,8.07399989,-1.2561659,0
4.7613107,9.7848864808,-4.8213438,0.6977362,0
1.4162031,9.4364589573,-4.95666638,-4.9255378,1
0.4499202,11.1674243145,-2.23689548,-2.2541832,0
-2.8234299,-2.9263543846,-0.48011615,-1.0680952,1
3.2478004,10.5412654863,-0.46235828,-1.4170671,0
1.1246246,-0.6777646804,-0.50212159,-1.3628036,1
2.987577,3.0000171003,0.89305652,-0.3250736,0
5.5900747,10.7521916457,-4.99415612,-0.3442714,0
-0.8900383,-0.4094077518,1.23931435,-1.6619458,1
3.5804963,5.8524390007,-3.63029595,-2.5021166,0
-3.4737836,0.5594152701,-1.28727054,-2.3010369,1
3.4650819,0.2318312958,2.74337491,1.1698485,0
-0.4138786,-4.3336760484,4.75498476,-0.0188498,0
3.1671137,2.2447604447,-1.47117319,-1.0524254,0
5.1402784,3.4354995909,-1.01793949,-1.0016404,0
2.6240542,3.2416907202,-3.29212356,0.5004691,1
5.2416081,3.5712976413,-3.02412791,-0.3399879,0
-3.5470477,-5.9442356627,6.44365072,-1.0115254,1
2.808535,1.6160978407,-3.45375989,-0.8535825,1
-1.9079528,-12.956157512,9.37609821,1.434579,1
-0.571718,1.8424232601,2.59736601,-1.9694333,0
-2.7188335,1.1136918694,0.38784937,-1.0519061,1
-3.5838565,-13.0255672931,13.55980007,0.9830038,1
0.0633936,-7.1818407572,8.09500517,-0.1364946,0
4.4907877,-0.5156142138,-0.49980094,1.8126576,0
-0.5665519,-0.508012009,5.28657262,0.560248,0
-0.5298202,7.6491002955,5.65291757,-2.8920638,0
-3.2824376,4.5089673212,-1.29158102,-2.2367668,1
-0.6988543,-2.1440380909,-1.06214028,-2.0653408,1
-3.8178453,-3.0993772725,6.21520179,-3.0501516,1
-2.6713136,-4.5169039026,4.11713904,1.1366985,1
2.4863954,3.3143051245,-2.03299861,-2.4303275,0
3.9354125,10.8090387273,-5.2861,0.3085802,0
-2.5313985,1.4338595429,2.05887437,-2.302833,0
-0.4599646,1.1420092772,4.27134415,2.4495,0
2.1944368,0.4111653934,2.54164154,-0.9632811,0
-2.4965733,-7.3531596363,10.37088583,-0.7251827,1
1.5437859,3.6401388308,1.264661,-2.7784254,0
-1.7956901,10.8300426468,-1.43353791,-5.2837661,1
-0.9197031,5.5080880886,1.09432725,-1.0307141,1
-2.5582446,1.9788674716,-1.13517319,-1.9893328,1
2.6285137,1.6474495254,-1.51847979,0.5136217,0
-1.6068286,10.6730622198,-3.61876303,-4.1689192,0
0.0950518,0.6773440739,0.52271149,-0.368438,1
1.0328588,4.063461575,2.76064046,-1.3776025,0
-0.577192,6.2762325376,-1.26501791,-4.0308866,1
-0.3761748,4.6564863939,0.82468581,-0.7918039,1
0.6713882,1.8504761918,2.21141191,-2.688095,0
0.8431247,2.5277765157,0.07184291,0.7205689,1
-4.7471045,-1.6985617253,4.4499019,-1.914826,1
4.8155315,5.074749597,-4.09317335,0.0293943,0
0.0338262,1.4242708858,-1.87393376,-0.138514,1
-6.3618121,-12.1316712989,9.95799297,-0.1812053,1
-5.2810051,2.4022517862,1.80338069,-3.1791424,1
-2.0721799,-5.5395819384,-2.10201123,-0.9104523,1
-2.7005443,-1.8534994107,-1.58870841,-1.6905544,1
3.2607029,0.1805463818,0.85089566,2.2194045,0
-1.4953678,-11.0960237532,12.50026446,2.4495,1
2.6414418,8.4795411064,-2.41426803,-1.2924913,0
4.3868065,11.7213089083,-4.14406054,0.2286603,0
-6.355839,-4.6960097684,6.31920131,-3.0633479,1
1.7212061,2.7370763008,-2.28522342,-0.1174898,1
2.7048427,-0.9775358883,-2.39449284,-1.8485464,1
-1.9506789,-3.2001125916,0.55662064,-0.5728147,1
0.6933507,12.7789862127,-4.89492862,-5.0584479,0
0.5115979,-5.2441037914,9.96621631,-2.0111029,0
1.5758913,-4.8269485747,2.41085615,1.5273102,1
-5.7588922,-9.0131207369,14.29810608,1.1462938,1
0.9976747,-10.7587100719,4.47426561,2.4495,1
3.1820824,2.0993505724,3.16575625,-0.3825949,0
-0.9751794,-4.0122469143,6.68353554,0.681219,0
1.5312625,-1.0949509144,4.78229904,1.1568748,0
2.7899967,3.1026314079,0.51168743,2.4495,1
-1.4078792,-10.7031369488,17.9274,1.0285126,0
-1.8441885,-2.7735116491,2.29788782,-2.4319241,1
2.7363783,-3.4834055933,14.4840622,2.4495,0
0.6902682,10.4131942515,2.3435146,-1.328655,0
-1.2589493,-5.803754335,10.46419706,-0.5375814,0
5.2845592,10.7512713519,0.46634032,-0.9714669,0
-0.0923942,-11.6310838605,9.42370753,0.904486,1
-4.713484,7.8086606341,0.25375371,-6.1585219,1
-1.2956314,9.5432444662,-2.77849114,-2.206579,1
-3.5110978,-3.8085136207,11.19628484,-0.0158615,1
-2.2506464,2.0330378783,5.687551,-0.9322912,0
0.7701499,-6.5860184333,7.2766528,2.4495,0
3.294493,-3.8342233555,1.61063096,-0.2673894,0
0.6104415,0.2194985239,-0.82477203,-2.8417746,0
1.8883111,6.0328356472,-2.75059267,-0.6088837,0
0.8058384,5.4809485659,-0.23621847,-3.0729694,0
-1.4387993,12.5441638118,0.01965262,-0.715331,0
-1.6652925,4.635897417,3.99743115,-2.7585594,0
3.4043421,0.6083289009,-1.30501534,0.8601273,1
-0.5468404,7.9557787611,-1.26228972,-4.8279633,0
5.2563906,-2.0336106859,1.13123436,2.4495,0
3.078534,6.8506388492,0.36323747,-0.1319263,0
-0.648871,-1.3820122481,1.56130222,0.1301504,0
-2.4805025,4.4994407152,-0.27552678,-3.0427439,1
2.8635708,-6.6909805544,9.62533053,1.276528,0
3.140194,9.3314982229,-2.2398039,-5.0346934,0
-2.5208873,12.5858542523,-1.99810531,-4.5115077,0
-3.0201959,-0.2049159377,4.15186757,-1.365383,1
-3.0613612,1.1835983335,3.45968897,-0.5883161,1
0.8921525,1.0985648533,1.45583179,2.1752412,0
4.3655551,6.7984433179,-1.32213223,-3.6598282,0
2.4282599,8.5110016046,0.33331087,-4.8004932,0
2.1782008,5.2101669013,6.30850571,-1.0513276,0
1.5230278,2.8794566549,-1.18087543,2.020003,1
0.9737996,2.1114928567,-1.22734555,0.1805273,1
1.00026,0.0642296198,0.91644969,-3.6769071,0
-1.4286137,-10.9265097238,8.12748713,0.8214565,1
-1.4750788,-6.4681089974,7.73490641,-0.6310016,1
3.5165883,7.0256469084,-3.70655167,-4.0995423,0
3.5146676,-1.7796750953,4.23888024,0.5837949,0
-1.2945415,-1.81654243,2.6188873,-2.478927,1
0.3330522,9.87501553,-4.28788678,-4.6702993,0
-3.8290532,7.5358851389,-2.06803423,-2.3182128,1
-3.4491163,-5.16540835,7.59104194,-0.0238686,1
-5.2331934,-3.1318058578,2.41435403,-1.4532105,1
2.2459044,3.9747580857,-1.77942409,-1.7876966,0
-0.027227,11.9467832141,-2.94653599,-2.6995068,0
-0.084403,-4.9356163114,2.17677586,-1.4163519,1
1.7676004,-8.0648984943,10.18463828,2.3534607,0
1.7495959,6.9382107159,6.76802561,-0.1277578,0
2.9413662,-3.7775662078,-1.92054562,2.4495,1
3.5110476,5.3060133776,-3.79580877,0.4916532,1
2.3919553,6.6746444277,-0.25995534,-2.3756943,0
2.7203939,-0.2055634319,0.40674374,-0.9428523,1
2.0349483,-0.2389466893,-0.63927498,1.7848301,1
5.2587343,11.2881814784,-3.29773787,-2.9507581,0
0.6669015,-8.3976233614,7.5261046,2.4495,1
4.1647821,-2.5725943102,3.87392085,1.603808,0
-2.939595,0.3274114095,-2.87400095,-2.6788635,1
-2.9945502,-9.5214669005,9.99363838,-2.3201419,1
0.9851097,1.2757593707,2.68042874,-1.8394615,0
-1.7795589,4.6788199485,3.7135206,-0.9660483,0
0.6537711,5.1385713042,-2.02421955,1.738413,1
0.706567,7.0349559328,4.6562607,-2.4058496,0
-0.6021724,5.0169643489,-0.28369567,-1.6887034,0
-4.1251284,0.6025055549,7.60432002,-2.9866686,1
-0.9641241,-8.0408323744,5.5483546,2.1145768,1
-0.2220364,-3.4939881026,2.56746643,-1.0969873,1
3.4368611,-6.6224647106,0.61442742,-0.6957451,1
-1.0067039,6.318646434,-0.2840547,-4.9422198,1
3.0153847,11.4541342361,-3.63997788,-2.2630602,0
1.1070362,-11.4834975914,6.54355247,-0.1141863,0
-5.2767086,7.1728096295,-0.94829121,-0.688762,1
-0.2845184,-3.5220578552,-0.28180356,1.1126793,1
0.944975,-0.7034167039,-2.70569204,-2.667948,1
-2.2415188,-9.5689708212,6.67299576,-1.3816409,1
2.1023412,-7.507584903,4.2058001,2.4495,1
-1.8649597,8.3900489221,-4.41269461,-4.9796646,1
-0.059734,-5.2584322354,-1.32986614,-0.9590499,1
-0.9632572,11.4713010477,0.2108588,-1.0471478,0
4.7237954,9.4762834495,3.88124274,0.3551935,0
-3.1330643,0.3883735717,7.2808615,-2.0853339,0
1.0579055,-9.6608479473,0.69441581,0.4208794,1
-1.9269301,-6.8686513047,0.07682969,0.147449,1
1.8924154,11.9087807551,2.7458655,-0.0665155,0
-4.6013605,-4.8362718656,7.83505379,-0.3824373,1
0.8534731,11.3210909725,-5.21050541,-7.9691846,1
-2.5772359,-3.7448126586,1.22054169,0.9741382,1
4.5521358,3.648178793,-1.68081157,-2.4577722,0
-4.1898141,-12.6033531964,17.9274,0.5846426,1
6.5645431,9.8022634318,-3.64605949,-1.8547218,0
-0.889039,-0.3757046043,4.75179364,-1.2631487,0
4.443006,-1.5937629575,2.8412174,2.4495,0
0.2897426,-8.4054917562,2.27554265,2.4495,1
1.8222587,-0.0999792568,5.16439907,0.1758328,0
0.6090167,4.4751206072,-4.09140451,-4.083956,1
4.5007178,8.2505469127,-3.9236423,-0.3364916,0
1.681926,8.6321607632,2.71109457,-0.1138514,0
5.323744,2.642628902,1.62452445,1.5087306,0
-2.0616206,0.3638538555,0.44442249,-2.5437242,1
0.7761142,1.9029974667,-1.3216513,-1.4425789,1
-0.0407973,1.7250393751,-1.17139942,-1.7490468,1
-0.0828989,6.2069760121,0.02111055,-2.376941,0
-0.7358384,-6.5828695444,7.91084031,0.6730215,1
-3.9715928,-3.4849351831,2.77441039,-0.2387327,1
-0.4918758,0.3136963933,3.54027289,-0.9372791,0
-0.4283288,9.4457163157,-1.36466252,-0.3924893,1
2.3361568,-2.0617926505,0.42201169,-0.6795048,1
4.3718608,-0.3597918644,-1.52430936,-0.0788136,0
-1.3727266,2.3512644694,3.04636501,0.7296455,0
3.2335726,-6.1105825891,3.90579797,0.8078597,0
6.3798806,1.4713912908,0.07044155,1.133153,0
-3.4581959,0.1789939928,2.97923542,-3.3535379,1
3.5174995,8.4918486094,-1.03726275,-3.1552129,0
3.4187981,10.564018525,-1.96703975,-2.3994626,0
2.4881185,3.2782774271,-1.61259522,-1.1242899,0
-3.7352324,-1.0306281591,6.16214153,-0.1339012,1
-4.9308563,3.4452243074,0.59245805,-2.3688977,1
-4.5397139,-6.3082362483,17.9274,-0.3231066,1
2.5362859,-6.6079571381,13.33637227,2.4495,0
-2.3815385,8.0495341465,-1.52362646,-2.9168281,1
-2.4606766,-13.1824525111,14.93786098,2.2646002,1
0.8330884,-2.9762387968,3.17977693,0.970128,1
2.1130076,5.778994143,-0.75363047,-3.2816782,0
6.5239794,11.639314462,-4.34727002,1.0536958,0
5.9548171,-4.9252042333,-1.81571169,1.0171693,0
-1.266526,-3.7934998596,3.47955905,-2.6695264,1
-0.7705672,9.5373303735,-3.04915844,-2.0529768,1
3.5011892,8.6858784873,-0.8451951,-1.038769,0
-2.9090015,-4.3864228417,-0.26597668,0.4841088,1
-0.8467292,4.3225655913,-1.19578227,-3.5198416,0
4.283059,4.9759529173,0.04218261,1.4949895,0
-4.3515561,-0.3073894352,0.58656358,-3.6674921,1
0.9732208,1.4176503343,4.02459727,-0.1490418,0
6.5200945,5.6646730662,-2.91724007,0.7038949,0
1.7706083,3.6677383695,1.52929706,-1.6650176,0
-1.6721632,-0.2807368008,1.17183235,-0.715176,1
-1.4647284,12.2223937469,-0.08158134,-3.3790021,0
0.0915877,6.8515407698,2.91386535,-0.3912372,0
-2.3332613,-6.521541427,2.01497525,-2.4084102,1
0.7297475,4.0135207652,-2.51296082,-3.118686,1
1.4648479,-2.4458916205,-0.25020089,-0.1229947,1
2.8960123,4.6722784323,1.28496735,-0.5693415,0
-6.1552628,2.6724838878,6.08942366,-2.9911641,1
-4.886507,0.4816507513,1.49600867,-1.2473612,1
2.5754662,6.8405635813,-2.98220744,-1.5143075,0
-1.3492577,1.2762933858,1.64524511,0.7902262,1
4.0314431,7.1305873524,0.66203833,-0.1375412,0
-3.9488484,-1.2611137853,-1.13771169,-1.5743031,1
1.9857476,8.1865884846,-1.70705479,-2.2303877,0
1.4354481,7.1462574101,-0.65931876,-1.753899,0
2.3175924,8.982917762,-2.3452955,-1.1440254,0
0.5812078,3.4154618009,-1.49561301,-2.0565325,0
2.5780295,6.4605767259,-0.82289778,-1.8074503,0
1.2774165,-3.3296541478,-1.95228712,-0.026811,1
3.4321941,10.4323655151,-4.30325849,-2.2306057,0
0.3948402,-0.0622015657,-1.25388295,0.238554,1
-2.2965179,11.619295401,-4.67240274,-8.5482,1
3.4058465,-1.8958341246,6.09178341,1.2597769,0
2.4880283,9.365480589,-1.34101757,1.3824935,0
6.1333594,2.0373405503,2.26511374,2.4495,0
0.0095427,-6.0987463943,6.16163227,1.6885766,1
1.7297987,-7.3787868869,0.1385687,1.8121433,1
-0.4669641,8.9871949831,-3.07132139,-2.2725489,1
5.2597952,-4.8287079658,5.70066951,2.4495,0
-3.2177387,9.6886598377,-2.61159012,-4.4567078,1
-2.6771801,-3.016931383,-0.90960624,-0.6105519,1
-3.0527522,1.2850928135,2.86544555,0.9786697,1
0.6415496,-9.457949873,5.15968323,-0.4200636,0
-1.18422,0.154064385,3.8374307,0.2773641,1
4.5406444,9.1120192247,-3.21483738,-0.8834707,0
-1.5454858,-4.1197137172,4.63331419,0.2236659,1
1.8894826,9.7701575377,-3.87975852,-1.1791213,0
2.0558999,11.5670350983,-3.03911441,-2.2705093,0
-0.9272824,-12.5365239272,12.30791461,0.3047197,0
-5.5350228,-4.1752727071,6.45141961,-0.1645567,1
3.928209,6.9433464015,-0.12070798,2.1252551,0
1.6804475,6.5990558898,-3.4710451,-0.81372,1
4.6478944,7.9707458005,-4.37542408,-0.2711064,0
5.7852332,8.6444172984,-2.86953773,1.1855261,0
1.6531491,6.9554389574,-0.57046361,0.0494794,0
-5.5519083,6.7682701481,-1.07623577,-4.1076241,1
5.6358959,7.9082707989,-3.00941101,-0.7450057,0
5.8221099,4.6719565343,1.31288517,-0.3106206,0
-5.3560034,6.8325010008,-1.25156855,-5.7367712,1
-4.8154987,1.1689181664,2.94065463,-1.2205549,1
-1.0191344,0.8987140484,1.9610188,-1.8369728,1
1.0292407,10.4946816868,-1.47512699,-2.3710174,0
-4.6248614,5.379011874,-0.09172259,-2.9398463,1
0.3598654,-7.0818685008,7.47230292,-1.2399525,1
-0.6847016,-6.4635753863,0.79951956,-0.1768592,1
4.4498074,-7.4673050602,10.81871701,2.4495,0
-3.0971759,-4.4314464163,5.49163936,0.9652123,1
3.4127184,9.3054919077,-3.25802622,-3.3805515,0
1.5781362,5.8097828055,-2.37790874,-2.4578522,0
4.3567865,11.8532805033,-4.72573795,-2.577736,0
3.2561524,1.7962086549,2.88100467,0.0125488,0
-1.4360215,-8.9753524582,3.49179184,0.9897165,1
1.8256068,-2.3474573607,5.16908637,-1.1595299,0
-0.8202786,0.1105078701,6.76529384,-2.3620807,0
3.6503617,5.5195003991,2.58521535,-0.0423345,0
-0.6036049,4.5375415423,2.92623544,0.3504542,0
0.6118373,-7.957663741,10.5175797,2.4495,1
-0.421765,10.4600832283,3.43616142,-3.0049444,0
-0.2737306,-12.396282428,14.24720135,1.9049609,1
-2.0980635,-5.390762711,3.18087705,-1.0783691,1
4.6288271,-1.1940935068,10.02381299,1.4841261,0
0.5484519,-2.4611742562,10.01830128,0.7335501,0
0.2374248,3.3607606893,0.49890075,-0.1011568,0
1.0364624,2.7174690094,3.86496133,1.099627,0
-3.2728379,6.3461111956,-1.74933507,-5.308923,1
0.0862472,2.3185807838,3.38830566,-2.9522705,0
-3.0006796,-0.8992292497,2.51290425,-2.1845261,1
2.1511477,9.156498952,-2.55409728,-1.5666189,0
3.9586314,-0.6801461717,0.89267127,0.6620472,0
-3.3785097,-0.4918038726,1.36533312,-1.2623094,1
0.0221207,-3.5060277707,2.75385753,-2.1000157,0
-0.5852861,-1.4330231571,0.25103712,-0.4937331,1
-1.4009246,-3.291071911,4.26155041,1.9665362,1
1.7367109,-7.3376824066,13.48064744,2.3355641,0
1.560757,11.6108415491,-0.0445538,0.0473269,0
3.0343165,2.9231018868,-3.6004227,-0.2793964,1
-3.4739292,-6.3552811143,2.34212937,-0.3086809,1
-5.6419343,4.9206936639,-3.27858783,-4.4920107,1
-0.1534786,5.7273217643,3.39070437,-2.3851034,0
3.561875,7.7460238207,-0.79452271,-2.0796714,0
-1.5889704,-3.8312070608,0.83829953,-1.9261679,1
-1.222688,5.7421471857,5.05741673,-0.1868698,0
-0.922691,10.9767686312,-1.84996536,-4.4336279,0
-0.0993565,8.99563103,-3.42291233,-3.1007893,1
2.7287759,5.365738179,-2.13101772,0.7103131,0
-1.2264913,11.7493585213,-3.64759433,-3.4148446,1
0.2996587,0.0174668674,-1.16592789,-0.2457032,1
-2.3609511,-2.4676862157,5.05431397,-1.4320572,1
4.8367023,3.9533870335,2.3076646,0.3025396,0
-0.8952793,0.7930623761,3.04761873,-1.3643164,0
0.0968464,10.755182142,-2.2409039,-0.9370696,0
-2.8494667,9.1393245304,-1.8767716,-2.3636687,1
-3.9647499,-0.0734220577,0.56253946,0.1401513,1
-0.2379608,8.8358097858,-1.40085586,-2.2808361,0
0.9305365,-4.0428716605,5.08326531,0.894293,0
1.3008793,-0.9749855955,4.01998429,-0.4251648,0
-4.4635932,-8.9937432211,9.31895742,-0.2796288,1
-0.0161538,-2.298028113,-0.52187443,-1.1822442,1
0.389691,-2.2703677074,9.74560775,1.1915987,0
4.0590908,3.9633619689,-2.62246939,1.8234774,0
-2.1989977,-1.8853096107,-2.27475805,-1.6258485,1
-1.7152332,-2.6093647453,8.01817616,1.0692197,0
5.2317647,6.640490488,-0.90209053,-0.3366058,0
1.2928186,-8.0485809457,6.38558196,0.7160346,0
-0.3764413,-1.7655366311,7.94336255,-1.8086071,0
-2.8189822,-4.104030354,2.21655333,-0.4598188,1
2.7933488,-1.9561343614,-0.43262971,-0.4119634,1
-5.5304535,-0.8115901887,13.67097674,0.0661118,1
-0.0541874,6.7656752991,-3.25737529,-1.5480261,1
2.066099,4.8768817066,-1.82990298,-1.6937467,0
0.8855513,11.5034467543,-4.13620386,-6.4066244,0
1.5528343,3.3774485547,-1.10990649,-0.3580723,0
-2.0928335,-4.3186796822,7.03603445,1.3115279,1
-3.1010989,-4.0280124156,3.79457933,-1.6352699,1
4.14719,6.1007742246,-2.62016477,-2.3256056,0
-1.7753531,11.8472867354,-0.49264288,-3.9952107,0
0.0490279,0.0948747642,-0.21518095,-0.8914592,1
-1.5725448,-2.7104676463,5.57390175,-0.9749789,1
2.6838692,5.7154201248,-3.47958282,-2.7278893,0
0.1313557,-9.6029038078,-1.65576985,-0.0791903,1
0.6014067,1.3952507742,-0.41442404,0.3800563,1
-1.6125212,7.815109276,-0.74072385,-2.7530376,1
4.7829089,2.4962423956,-1.29123237,-1.5014577,0
-4.6452772,-4.7980093992,5.19681262,-1.9304717,1
-3.1896187,6.8678263869,-0.8491943,-2.6575982,1
0.5092936,6.4665559228,-1.44760502,-1.2862006,1
2.0457352,10.0871532627,1.81459775,-1.3427723,0
-5.0233926,-2.918911972,1.08032577,-1.6537486,1
1.5051968,1.8170302893,4.34395399,1.0936518,0
-2.9739175,2.2609687419,5.75139389,-2.4678588,1
-0.3667279,1.6350427734,10.97202072,-0.9382689,0
2.1267536,-6.101177646,6.05818518,0.073685,0
2.6613178,4.306650502,0.02345937,0.6088744,0
-2.1261338,-3.6186482792,4.01213808,-0.5301448,1
-1.3777323,5.8220458822,-1.5033551,-2.9357832,1
-4.8760995,-5.935981717,1.56442188,-0.8390216,1
3.2674404,-2.2513164586,6.61134806,-1.6273539,0
-3.3524672,8.2375203362,0.26941368,-0.5591034,1
-0.3402689,5.1451992847,-1.96975155,-3.1213067,1
-1.2774704,4.7862832223,0.35875685,-4.9973936,0
-6.2797619,-4.2768136644,15.96175241,-0.0276106,1
3.8879829,-6.6910807587,6.44021437,0.7910626,0
1.8906263,-1.839556762,1.46627223,0.2719157,1
0.1925674,-0.1728471579,0.0807208,-1.8988741,1
3.285169,2.5181989451,0.46881594,1.1344663,0
-4.2482957,-6.7036442911,10.24946366,-2.8085125,1
4.1377869,0.5363292,1.39307791,-0.0824631,0
1.5511044,5.33291136,-0.56661092,-1.1379161,0
1.4009791,4.8429233932,-1.75188113,1.6844677,1
-0.3265552,4.3286886201,-2.01210553,-1.7457878,0
2.5482761,8.0693526615,-2.30085309,-2.6269254,0
-3.4169421,6.5442177374,-0.58045697,-1.7659325,1
-5.054217,-3.007459766,17.9274,-0.9490383,0
1.2555897,-0.3773199708,5.10570835,-1.3971584,0
2.0915688,-5.6677758688,5.90826945,0.2490723,0
1.8478162,-2.4889113206,2.08840335,-0.2019719,1
-0.0054962,10.6834097993,-3.48852191,-4.8817119,1
0.5829504,-7.9309381062,4.91653745,1.9466777,1
-4.4081036,1.6262377758,-2.30741667,-2.1733357,1
-0.3798357,-7.9670141111,6.67907523,1.5463375,0
2.4955097,4.0342912153,0.15702484,-1.0507321,0
-1.3106888,0.2979282381,4.46224192,0.0558896,1
2.0493309,4.6608067476,-3.64683043,-0.0288955,1
0.310539,-8.0375151905,6.21477457,2.4495,1
-4.6082114,-0.5300259579,1.59288598,-1.7656109,1
3.1159489,1.6207374436,-2.38203285,1.6103443,1
-0.3605392,7.48106307,-4.74423873,-3.9593034,1
-0.338556,2.5937491372,-0.87437171,-1.7413695,1
3.1176244,7.9643801678,-2.7195448,-2.7022566,0
2.3414416,7.9036810282,-3.66229833,-0.0204651,0
5.5360879,0.657615292,-2.61471638,0.991999,1
-2.2229763,-7.1036505604,4.90969734,-0.9302447,1
1.5618465,4.9970933537,-1.0777559,1.5556674,1
5.3585114,7.2920082079,-3.63463034,-1.1269718,0
-2.568467,10.7466563092,-2.91182304,-2.825539,1
0.544304,-1.2031164854,9.74264811,0.0480133,0
-1.8682405,-3.8142794258,7.97318098,-0.6578041,1
1.5739837,1.9567046676,-1.77112162,-2.1309788,0
-0.4156602,4.0243872879,3.96909185,-0.9149488,0
-0.5060046,9.5116766471,-1.9381932,-5.1274701,0
4.4220461,1.1682015379,-0.60977137,-0.023872,0
-1.1667561,8.5615082963,-3.90100212,-1.2271216,1
1.8451236,4.8179638475,-2.37604623,-1.037373,0
-1.0675735,9.1206152379,0.14426775,0.4838204,1
1.9916894,4.9396137492,-0.59725852,-2.6190256,0
6.4176297,2.2127522458,-1.37755433,1.3107391,0
-0.6028145,-6.0445693562,4.53436536,2.4495,1
-2.5606917,2.2394906024,6.72797255,-0.6946961,0
-0.2452843,2.7528308751,0.41298618,-3.1556098,1
-1.6565402,9.0719802884,-5.07681087,-4.6237329,1
1.8238351,12.0956280347,-4.78076286,-4.3013592,1
-1.5465924,0.1368307334,1.76604309,-1.004093,1
-0.6078656,3.9542246143,0.30617354,-1.8044692,0
-3.1109769,1.5716418664,-0.83667407,-3.6665402,1
5.7464825,3.8689182304,-2.8236382,-0.8764243,0
-2.2303502,5.1100955431,2.58639938,-3.7936066,0
5.228019,2.6156048967,-2.3794854,0.1757655,0
1.4920279,-7.5640129066,8.51944937,0.7623569,0
-6.0293898,-4.7139978072,3.60649837,-1.0930965,1
5.0938308,10.5877512485,-2.99619771,-1.6407961,0
-2.1193134,9.3045696878,-3.57465433,-2.5400544,1
-0.8442781,1.5490852744,0.49692866,-1.9306346,1
2.6106746,9.1292011632,-4.62264979,-1.4250302,1
-0.5479225,4.6980640391,-3.28969573,-1.3368613,1
0.7124034,12.3697642873,-3.67178058,-3.6809511,0
-0.2247762,10.9171757118,-0.50101909,-0.4701038,0
1.3418293,5.441536386,-1.87882351,0.3988744,1
2.7165296,-10.4390389902,8.04208953,2.4495,1
-3.1877296,6.7487503222,0.47390855,-1.7768507,0
2.6734793,9.1391439123,-3.03965993,-3.6503546,0
5.6439701,10.6182086341,-4.98334263,-2.5367549,0
4.0481112,11.3142869054,-5.06588693,-3.2187939,0
3.6883351,7.2962667626,-1.09386394,-1.8242828,0
-3.5085562,3.4324727312,4.9386514,-4.3394675,1
1.2126989,-2.4063679719,-2.99937239,1.2833132,1
-2.5678406,6.3129498324,4.65989182,-3.4381016,0
5.6051862,9.6879471813,-2.27228605,-3.5124032,0
6.396158,1.9493346174,-3.63428768,-3.2908528,0
-2.9890722,7.8449540897,-1.14113992,-3.1725795,1
2.6960496,9.009556125,-4.04125343,-2.1925285,0
1.9498471,-0.5466181061,10.31404747,1.237538,0
-2.7052637,-9.190019981,11.97412137,-1.2873444,1
-2.7074128,-10.0075573426,11.01021312,1.2038573,1
3.1482456,0.4384238804,-0.89997163,-0.4041117,0
-0.1756689,7.0734774444,0.57871283,-0.5351306,1
2.7127413,2.110036518,-2.75619808,-0.7466914,1
-0.8693498,9.1572412572,-1.90026781,-3.9062832,1
3.3746489,3.2855191004,-0.74993528,-1.3720393,0
-2.7477391,-5.4289806725,2.14240892,-0.2385798,1
1.2477936,0.0477719529,-1.04212669,-0.6332939,1
-3.2006461,-1.9764243876,13.36772606,1.7297613,1
-1.9699187,8.360459912,1.68208678,-1.5278343,0
1.4247151,4.7876207984,0.78063966,-2.059406,0
-0.7235102,-7.084318372,2.16090762,-0.2722597,1
2.2347573,-9.6281647133,10.04983229,1.7158738,0
-0.3246183,4.0568555858,-0.84205844,-0.4641119,1
4.1318204,12.4417160072,-4.09665145,-1.6907547,0
0.433392,-4.6963449354,4.84018848,1.0925973,1
2.1514966,-1.0945915776,2.95032435,-0.9094254,0
3.806309,-6.6638138944,1.66278617,1.1841607,0
-1.4355337,-5.2907713575,-0.12444818,-0.3950521,1
-3.6213553,-4.6750231285,1.21598862,0.0456316,1
1.2107813,-3.590642038,5.32660687,1.0729451,1
-0.9176411,1.6432966037,0.52664054,-4.301272,1
0.3016101,6.692852115,-2.33761173,-3.6124269,0
-6.1899686,0.4596700966,-0.81959821,-0.0511052,1
-6.4246497,-7.3519486281,11.97481631,-1.4695217,1
-0.2395861,5.5382797287,0.55751087,-0.7953088,0
-0.7384502,3.0856700369,1.54124293,-1.5896633,0
1.2977919,-8.2005073436,4.87340774,1.3761065,0
1.730936,-0.368779649,-0.87606679,-1.1920436,1
4.0380129,12.6390228769,-4.95687446,-1.1632558,0
0.4555454,-2.6356119361,8.06577183,-1.0371444,0
1.3706478,-0.6950200965,4.47953994,2.4495,0
6.7910717,8.2404379104,-1.98656363,-1.5211809,0
1.4190171,12.2889097871,-3.21970029,-5.2534099,0
-6.3423511,-2.8867244174,3.37932538,-2.5779332,1
0.1383355,3.9470484114,-3.91795868,-0.9316037,1
-0.248226,1.6581083557,-4.310649,-3.7571124,1
-1.8203191,-3.1397284111,7.23961036,-1.5986398,0
3.7177898,-1.7173451755,-1.19218268,-2.4971581,0
2.5424301,8.035415436,-2.17623771,-1.9799546,0
-1.0670677,6.6709792071,3.35987708,-2.1241573,0
-2.6834352,-6.8524029041,2.79541612,-2.3152207,1
-5.775386,-0.4230141306,2.54338205,-1.9334437,1
2.2566666,11.3856033608,-1.8269303,-0.6060536,0
-6.696317,-9.9174076479,16.42676929,-0.6549534,1
-1.3943188,-7.7907554552,7.57884988,1.3827063,1
-1.468628,-4.007793514,3.97798187,-0.5694778,1
-5.4081032,3.7964470928,0.95556819,-2.0059446,1
-4.3995088,2.1161255797,3.97169639,-2.0873001,1
2.0066531,3.7093732346,-0.58186215,-0.3336757,1
-1.1551013,1.7245424562,-1.91022422,-1.1563152,1
4.082498,-4.273696293,-0.11482756,0.8699692,1
0.9514038,2.3465399237,0.43990149,-2.5698061,0
-3.4667607,-10.4615596463,9.83422754,2.284761,1
-1.418255,-3.2150833072,12.34072304,0.881661,0
-0.8974806,12.2912985169,-5.00382429,-2.8926391,1
0.9556574,10.7648430032,-1.08321901,-1.9269519,0
-1.4820307,-3.9552469491,12.56683659,-1.3454293,0
4.168097,12.2270924843,-3.9974145,-1.5788931,0
-0.2811216,4.211639406,1.85654291,-2.501493,0
-1.3213385,-9.2935260839,5.64838211,2.1053593,1
1.6266393,-7.3631072251,5.65963402,0.3350539,0
0.3390287,3.3590138896,3.140651,-1.0874284,0
3.9078006,-1.8557391937,-0.82439684,-1.6773269,0
-5.5142689,1.2544310514,10.88042676,-4.2323184,1
3.2595139,1.9628722005,2.1666696,-0.4770483,0
-0.1287781,-3.4217073997,3.67515672,-0.5713108,1
2.3600298,2.8663445237,-0.92404819,-2.3929991,0
1.2995898,12.366595492,-4.6828917,-4.1795253,0
3.6676901,10.2288805238,-0.51061666,-1.0453284,0
-0.0273382,-1.6040648868,12.23815427,1.0897102,0
1.9092903,8.5667424814,-2.33076405,-2.7241019,0
-1.0985006,-4.0971122932,-0.38422826,1.0220839,1
0.6343002,6.3395282737,-1.76567758,-1.8308702,0
3.8618923,0.6502128784,1.42146544,0.838959,0
-0.3840284,6.9811773402,-3.4753801,-4.1173278,1
1.1733227,1.0886161249,0.79001119,-0.4347126,0
6.0368475,11.6999954669,-5.01895451,-0.8126769,0
-0.5664185,-1.157863281,2.34904096,-1.5021704,0
-1.4331303,10.6717297947,-1.12691175,-3.6184082,0
3.0912034,2.2222066773,-1.19677634,-0.0235862,0
-1.081605,9.1427339871,-1.5933919,-3.228475,0
-1.3231883,10.2825232813,3.47244801,-3.9727561,0
3.8376224,0.808875065,-0.29134558,0.9208716,0
1.5192362,4.1887653941,0.4698811,-1.3506373,0
3.4630675,-6.4709298677,1.25138165,-0.6313915,1
-0.9828242,-2.1722262021,1.85259404,-2.8602461,0
-3.6711903,-1.8460462587,2.82541674,-3.5407271,1
-2.0241242,10.3155355404,-2.46452887,-3.4756768,1
1.1100597,10.8153080353,-1.94917989,-2.9376651,0
0.5235732,4.1281349801,5.87027291,-0.9070582,0
0.8119618,3.2167725022,5.0212211,-1.8798999,0
-0.0800668,11.48146681,-2.86932165,-4.6623287,0
1.1628501,11.8039079432,-4.07919044,-2.2386975,0
1.8365237,-1.4793901885,3.17861621,-0.8225576,0
2.9225389,-2.211093973,-1.2496557,-1.7236224,1
1.3726945,5.742354011,-1.15700895,-2.4999269,0
6.2567627,2.8436331967,-1.75453255,2.4495,0
1.3360471,8.5268956631,-0.4169146,-1.6499857,0
-2.4232675,-2.5205216791,8.79928819,-0.1819309,0
0.0979206,1.5698416525,1.26404831,-3.0378692,1
-0.8738656,5.8937837554,-1.44112129,-1.1685536,1
3.3969002,-6.895107207,-0.74513868,2.4495,1
0.3034751,1.3970560004,3.1211187,-2.4211567,0
-1.5984892,1.7031960861,-0.1573293,-2.5868439,1
-1.3392671,6.9860719651,-3.62772496,-1.860364,1
3.1114141,-0.4570866128,-1.17065731,0.9405832,1
5.2927939,10.2274303483,-2.9184135,-0.8534325,0
0.4353312,-6.9467037464,14.80072042,1.9969151,0
6.2785302,9.564638545,-2.61753475,0.4679702,0
-3.3861661,-1.0439582632,14.14747723,0.0077503,0
-0.2810838,3.6021105768,2.18601287,0.3335493,0
2.7026601,7.7903251207,-4.11649888,-1.7187671,0
-2.1384472,-0.9000156377,7.66077538,-2.6369602,0
-0.084037,0.02370957,12.35209389,0.1309172,0
-2.9016668,-1.0981484541,0.6051973,-3.7417175,1
-0.2665245,1.0363525527,4.16387467,-1.2207517,0
3.43526,0.3495859729,-1.45374561,-2.4788605,0
-1.655134,5.9441779205,-3.35595083,-1.656856,1
-6.9411223,-3.9321676206,4.53239099,-2.6740051,1
1.4818102,5.7143196194,-4.17668743,-3.8372165,1
4.9520288,12.2606714789,-4.70402587,-3.8796882,0
2.6197836,-1.0947119813,-2.0042284,1.461217,0
-2.3388995,-10.0038154927,4.50958123,0.7332996,1
-4.2331382,-5.0426121328,11.86967799,-0.9671925,1
-2.5214415,-2.0051888235,2.57600666,0.4682311,1
1.0708418,5.8968908402,-3.35321971,-0.9011095,1
4.6601923,10.0307944574,-3.87518277,0.3181418,0
-2.2211049,6.2906673935,-0.34615663,-3.2554185,0
-2.5341535,1.3475263161,1.63442162,-0.1075032,1
1.635055,7.5829903586,2.83797405,0.0127407,0
-2.0533796,-1.5637567949,1.27498802,-2.2870847,1
4.5646853,12.7386930791,-4.03900617,-1.3779405,0
2.7625608,11.4197231593,-2.27697566,-2.1578111,0
-1.7071185,12.6206795582,-3.93650862,-8.3814165,0
2.8709673,-5.9108502513,2.56593186,2.4495,1
-3.2273061,-2.8483441872,3.01868366,-2.8322688,1
-2.7745542,1.4017068161,1.01885928,-0.2969148,1
2.6503537,2.5236285071,-2.19274661,-2.0641275,0
-2.6891115,-6.5194341351,8.88658434,1.812259,1
0.5617267,9.0074169762,-3.26166198,-1.7124854,0
-4.7215894,0.226234091,9.19838554,-2.3373579,1
-1.9702124,-3.0832403276,6.07239063,0.5906024,1
1.8951876,-5.4970254002,-0.09899858,0.9790431,1
-2.256516,4.1775694809,3.64533355,2.4495,0
-0.146658,2.6501579454,-0.56820267,-1.0651358,1
2.9135896,-8.245987413,15.33946545,2.4495,0
1.7432686,-1.651818078,9.67736543,-0.081609,0
-1.8594176,3.5009780682,5.14088547,0.9572685,0
1.1828929,-1.2741261037,-2.63906211,0.2914766,1
-0.5507386,1.6906721506,3.07264495,0.5969844,0
-0.7848738,8.2354822039,-1.1309652,-1.9906144,1
2.334648,9.9113284167,-3.48708496,-2.2520359,0
-0.5961478,-4.3652451033,0.1255858,-1.1121034,1
3.4808134,-1.7712953755,3.70881584,-1.3672744,0
-1.9306928,0.4983382362,2.31356051,-1.9047105,1
6.5682667,8.8665748375,-4.71967471,0.7145789,0
4.689942,-4.9982426692,-0.11746215,1.0548623,0
4.6348597,3.5811790456,-1.5714139,-0.0804944,0
3.3022495,12.4195169604,-4.38172523,-2.1141642,0
-5.1283045,3.8706072676,0.78495147,-2.2577022,1
0.3028686,-11.7240255436,17.9274,2.4495,1
1.8459068,5.3620697814,-0.03552245,-1.7308997,0
1.1525567,10.8096993146,-3.38161559,-4.4668676,0
0.7731346,0.3080317146,2.76852804,2.062803,1
-2.2371345,8.8797479016,0.38119128,-3.4488844,0
0.8975078,-3.6798118458,3.02145762,1.0904284,0
-3.7256094,4.2852449749,3.72442396,-2.002007,1
5.8158834,9.5875512533,-3.07810574,-1.2141832,0
-2.3853477,-0.2581797042,-1.32960548,-1.4578513,1
0.1954885,-0.4092926344,2.30120111,-2.0494697,1
1.0896265,11.9544325809,-3.05006153,-3.4445069,0
0.9404502,12.0673051404,-1.06334576,-2.3593224,0
0.7718297,-8.6227330742,2.80475685,0.7815622,1
-1.1039324,-5.0384207694,0.29924889,-2.6426804,1
3.1127977,0.9845054513,0.53761353,-1.3114557,0
2.2064414,8.4503672244,-1.84404353,-0.9208255,0
-3.6045762,-5.0380331491,3.85660101,-1.5597734,1
1.0716856,-6.8050689918,12.44701268,0.6146963,0
0.2850919,9.1554213122,-3.36567268,-1.8709435,0
-2.0774499,-9.7052036907,3.53895111,-0.2858291,1
-1.7079245,-1.3157384731,1.00166394,-1.2994043,1
0.0103532,-0.5250345709,2.90164531,-0.5192748,1
1.5380689,-2.3776328794,-1.86532599,1.4670821,1
-1.4594764,-3.8561051996,7.49464137,0.1628109,1
-1.028226,-0.4149696334,6.67466803,2.4155404,0
1.0766087,-1.4116450508,1.00810503,-2.1854866,1
-1.7579927,-1.5791313781,-0.86813207,-2.1752308,1
6.7787679,10.0001715732,-4.29708843,2.4495,0
-3.8145501,0.789651786,0.5730768,-0.4421279,1
-3.6386425,-4.458347385,4.85151673,-1.1709912,1
3.7189377,5.6275743805,-1.99385088,-1.1158754,0
-2.3034568,5.9763306094,0.13393923,-4.8250897,1
-0.3693428,11.4940663308,-3.34593373,-2.8121161,0
2.2580851,9.4169919336,-1.98864785,-3.7759702,0
1.5308505,-1.2495912049,-0.74991649,1.9396115,1
-1.2945577,0.6350598348,6.56153577,0.8321208,0
2.0008591,10.6727180343,-3.09382782,-7.8685516,0
0.661656,9.2757482145,-3.62844487,-2.9043087,0
6.1187355,11.3592596811,3.92219237,-2.0424049,0
0.7537238,-12.7135296417,10.63765404,2.4495,1
-2.1086279,0.0362488232,7.59708487,-2.4688556,0
0.2261473,0.2597319555,0.87285495,1.1466338,1
-0.0256931,3.0310418727,4.03518564,-0.453221,0
3.2358632,-9.350516427,6.80649603,1.6446143,0
1.4133661,6.941055194,-0.93473448,-0.9197236,0
0.2862548,0.3732415829,-1.17438116,-0.31348,1
-2.7268855,-9.7596756286,12.75999379,0.6265642,1
4.6371933,9.4889144625,-4.48890601,-1.8719474,0
0.7074213,9.4848499189,-3.17260966,-0.5356633,0
0.033123,0.5074382772,0.11502518,-4.3020261,0
-4.0458019,5.8210898626,1.31819349,-3.383403,1
2.0035628,11.2917385967,-3.41422653,-4.0529557,0
-3.2882911,-1.6596365139,0.18602945,-1.2661971,1
2.0777888,2.7067238942,3.68627532,-0.3390215,0
2.975426,7.2871060175,-4.21052048,0.4925785,1
0.1423098,12.0696486885,-4.84248274,-3.5917057,0
2.7141728,2.5338526037,-3.40571159,-1.3750267,0
2.6043855,-7.6044435399,5.98636644,2.4495,1
-1.4378192,-3.5555525158,7.16174443,-0.7255673,1
-4.4714082,-10.4785845144,10.30191145,-0.5145272,1
1.0842543,0.4671996824,-2.47979398,-0.527028,1
-0.1321678,1.658445894,0.99124433,-1.1999841,1
1.1087207,3.3295282673,1.31355456,-1.8265025,0
-0.3443273,-9.4853833167,9.58981613,1.7040257,1
-1.3509754,-2.9749721762,9.96821198,-1.5677511,1
2.5852348,8.2289903297,-3.97405102,-3.700683,0
-2.4545406,0.4790452614,5.33407582,-1.2633211,1
6.3633992,11.7508307439,-5.2861,-2.7091905,0
4.320351,4.2319882378,-2.89192778,1.8175054,0
-6.8527746,5.0248616691,-1.87603734,-4.4937525,1
0.8566883,-2.0420439296,8.75959273,0.2798587,0
-3.2419123,3.3612701452,0.96889261,-1.1195251,1
4.2377938,-1.0979640819,6.42121461,2.4495,0
4.1280719,-1.7856211889,5.31386561,2.4495,0
2.5821072,7.3748257278,-1.99735247,-2.9685687,0
-0.2529277,10.32512157,-1.88783357,-5.2094288,0
0.2269284,-5.3434890354,6.47547797,1.2955,0
0.9932049,-0.8097189233,0.41013693,-2.4608418,0
